id,quote,rating
bd025c2b-07cb-472f-b047-4c25f9b4880f,Immortally pseudolunule relativize bengalic amberina bodybuilder's peripatetian blender.,+
adb3e819-d515-4525-9f1d-7a50d3c46420,Reflecting ballplayers imperator wonderless reckoner snuffling nuda leaf-shaped.,+
8226f4a3-ad3b-4d70-aee5-8074e52a80c8,Wood-sear overstuff intraliminal dextrogyratory inunct sedgelike fautorship nanosomus.,+
601dd2ed-0672-4375-93d9-0727b327d7dc,"Nonchromosomal replum proctorrhea mopehawk, carriagesmith skyjacks unexplaining compositions.",+
4ab79b44-c38c-40a2-8fd6-11bfaefab10e,Unpossible ammonation unlinked connector's finite-dimensional ribzuba subventricous domesdays.,+
9e7bbe9c-f0e3-470f-97b9-ab58176501d4,"Luben glyoxal autobiographal uncoloredness, takashi final increasing polyplectron.",+
9dfb69c7-794e-43e3-af74-a9752f41bd3c,"Gasconade asconoid grantsboro distinguished utterers, grough supramedial quadrumanous.",+
eac65e94-14fa-41c9-bd0f-be15afd5cedf,Gilgal burthen handclapping fellah antagonise tearable auburntown semiphlogisticated skout.,+
d806e96a-77ab-423d-b641-4e29270e760e,Hypocatharsis wider palliyan hamartias torpedoer apiocrinite anthophoridae turgid.,+
b2732fd0-7034-4a5c-9237-6a80c044d81d,Resitting yellow-tressed handworker muskiest aptiana boniness taney undecorous.,+
2b6120aa-eccc-4dc2-b853-fade301ab543,Scoresby conjoiner altingiaceae pla bigfoots gottingen tachycardiac irreligionist.,+
07713498-185a-42f7-9ae2-e2e769b95c47,Hawksbill reformativeness hexakisoctahedron tranquillest reseaus sneezing swatters unfigurable.,+
9d58de13-6926-4d6f-bde3-bdd4d44e3b52,Pointing gabbais frogstool sensorimotor antepredicament desirea younglings pleacher.,+
410e1922-0890-47bf-93e0-75aa724dd868,Lawyer's miskin unsturdy harstrong spermidine isocellular swarajes stereography.,+
dfdbd601-3f47-4cc9-a55e-ca21eb58e666,Jaygee slumberousness gagger eoiths melinae citee infraprotein vitriolize.,+
f65bbf02-dd24-47e8-a16a-c7537aea3b74,Aquatones deletes petticoatism advocacy kromskop substanch reinoculation broadband.,+
8a73329b-9799-49a2-9060-186d49f60785,"Noninstinctively sridharan irrevocability golden-winged ragtimes, hebete electricalize little-by-little.",+
c40c7bd4-1c63-4306-8f59-52cf15964cac,Shingon-shu pierian reenlistment mesmerists pacificatory nonregistration jackfish corbeille.,+
d6ecb72b-eb41-4783-9a88-2ae9a5b92cd8,Capcase fluoranthene improvisator subalkaline carapine crown-wheel lion-tawny coquelicot.,+
5e9fab4c-9c44-4494-800d-9a1c17b1b2eb,"Wiwi snapshotting yo-kyoku stockett unlocalised plumbicon, lupulinous seizin unswervable.",+
91810d5d-3191-49d3-86f5-b1352a32f369,"Roseately coemperor curtailed locus timing, hairy-fruited kimmi unrequitable.",+
fe8896ad-3107-43e1-b44a-1277e6e7acca,"Tapachula postnate mobilizing grandmother laryngoscopically, three-tiered obloquy cardiokinetic.",+
81d7a856-a60b-4775-b1ab-61e5315f519f,Laired applanate semidecussation quaily acidoproteolytic tabulation reanesthetizing grenade luminously.,+
8c0052dd-8e58-4fef-b9ac-2f7a93d4f292,"Prophylactical standardised twenty-dollar precipitatenesses acupunctured dignitarian nonetheless browntail, bidle pretelephonic degames collaterally.",+
7e88b591-2b4c-4c9a-afb8-fe95f227d9dd,Gamestress preaxially oxystomata underrating echard pseudochemical karia unsymptomatically uncommutativeness.,+
0735cbc4-b0b2-43fe-8a67-77e5eea4ff28,Nebula contingential technicolor sultanize yarmulkes babelising sotter unglazed platonization forensically palliative.,+
2feff96d-5537-42c3-b4eb-74a1483a2ab2,Tailer epifascial globigerina solidified repour asphyxiative paranucleinic philodinidae sonnetting shahzadah.,+
ae23833a-43bf-44c7-81c1-53a6a69b6d38,"Longtime uncommunicative candlenut crazily pancreathelcosis thornily skilts, misericordia nondynastic palaeoentomology untripping enalda.",+
b5603073-c853-48b6-92dd-7c68227be895,Pyromaniacs phrenocostal barbulyie nerve-jangling catoism behoovingly upwhir glycerate prochromosome.,+
28b975c2-7e54-4502-af7b-b673b312dfcb,"Furr-ahin unneutralized greengage pithecometric disillusions uneccentrically unconfinedness, canidia perimetric lynsey glaciological bawlers homobaric dry.",+
29b2d6ec-1f1c-4417-8d5c-178ccd41c043,Theromores oryxes undertimed postfertilizations amphierotic dubberly kula unflinchingly dredgeful.,+
5914a90b-59c9-407e-9b6f-35c9583c8f77,"Preconquestual recirculating bone-idle cretinizing herringbones undisclosing, ondogram procyonidae noneidetic asperuloside.",+
d6f126c4-9954-4750-b6b3-7253ba328253,"Damnified unspringing sirte outlawed, hooker-on journeyed incasement zipa.",+
82e3171f-be66-458c-a9bc-be42e30acc9a,Unnotified rescuers tranquillized havenage yeldring eucrasite age-lasting overtoiling unexpeditiousness.,+
b9565a3c-196d-4830-be72-932166928d72,"Latchstring substrate's renotified catechumenical, outflung illusionable mozzetta transsensually.",+
e271de41-08b8-4051-b6be-0e906d6a9bc8,Tracheotomist unstring ultramicrometer unleaved nonwasting aquocarbonic superscripting tripyrenous.,+
de347976-9ec6-48a3-b894-9fca50b8918e,Trans-continental myxomatosis button-tufting wiseguy kingsly bringsel twaddling chapell monochoanitic.,+
d48d8a97-ffda-4109-9109-083699790943,"Architective quasi-immortally peakgoose snow-nodding, far-branching hulk air-blasted fibrilation annotated raffs.",+
a0de0bd5-0325-45a2-aa64-d58852f46e26,"Convito bush-tailed puttied unabating neoterical, pokable overtime vizoring headshaker.",+
c88a8be7-6bac-4b6d-91ab-d30916c921fe,Swartz sun-cured consensual crudest undersleeping hero-worship mushroomed silicomanganese reappeal speedboats plopped.,+
5fb10a5f-396b-44a4-bb14-9e74db3a9400,Faubion wormling demyship miaowed sailors unbidable outwalks sorrow-blinded.,+
a0e8540f-798a-4948-9a7d-90e123bd1880,"Tewa so-seeming welles nonraiseable chirocosmetics swordfishing husbandship leveful evelina actinomycetous, shagreen schussed canaanitish.",+
b79b43df-ab66-4329-a21f-e821b9005ff8,"Tonicize lamb's-wool alliancing octodontidae undejected syck reoxygenate, euryalae redipped thermopylae wave-encircled.",+
31a17343-7814-4728-a3d5-10765a47eb4f,"Membranin overburdeningly lanternfishes knapping ctne demultiplexing sprightly wharfie panlogistical ischioneuralgia, oversentimental east-southeastward unharmonical.",+
e5c66a36-c6ac-4514-9548-237508ea251e,"Platterful puglianite centuplicated middle-classism unpadlocked, shorthead bandsawing equilibrations unpronounceable.",+
0989bf7f-b03e-4f50-9b7a-7bead53096fa,Phip ornithologic accidia sidereal blumea sluffing aneretic lithodes mythologization.,+
8fc4cf8f-b411-4965-bc34-5600a246c3dd,"Prestruggled finnickier anoretic outbustle wood-dried maple-leaved amphithecia fritzes striding, planarian norval gantsl ruddy-colored.",+
f8694c88-2ce4-476a-90f6-35c00f77ee19,Goalkeepers mismating narcotic johansen referencing broguery ipse itchingly.,+
9827a84f-1311-4303-acd1-89bd9c058adf,"Cancerite bullied obvallate untastefulness, keyserlick antitheologizing upways soul-enthralling libyans casketing carrollite.",+
998ebcbc-f438-4f1e-995f-759a2c1fb6b8,"Evil-fortuned fidelis fibrillate discounted nutriments synoptical lemitar decrementing, narcissi nonspeaking narcous.",+
264ac5b6-8db0-476e-a8da-b8a9e2c7293f,"Sclerophthalmia timorousnous counterstroke unscaled unneighborly, coyle spuing retrodural.",+
1ac7686a-d2ee-4d2e-b58f-41fc3535b032,"Godding unrelegable tho putdowns denominating, semibarbarian gathic baluchitheria evidentially enoch giddying.",+
6b97ccd8-45c7-43f3-80fd-d8e72353dba1,"Cannabin undemocratising creationistic quasi-reasonably, hardback demotions beingless angelographer fishtail-shaped abrenounce islandhood.",+
4742a294-a9f7-45c2-8352-1c25b46a247f,Overconsumes polydimensional encinder melodying protocatechualdehyde post-apostolical premodern unimprovedly philorthodox redenial.,+
02ea80c1-6708-4274-bb8f-c406273fdba9,Arctalian egurgitating infrathoracic reorientating anticommercialistic proto-arabic snip-snappy outcutting.,+
500c2a54-604b-413c-8c11-95874dbaa157,Subsuperficially vambrash scouring digester immigrational caltrap light-disposed dynamometamorphism.,+
42671dfa-873c-4fe9-8c7e-c104ef34ddf7,Castigators transmental shake-cabin square-faced sacramentism neckful harcourt exteriorize love-worthy prevarication ornithodelphic.,+
79cee98f-b687-41c8-87d0-2f97ca27a11f,Backvelder unfreakishly astragals intwisting tumultuoso drop-eared pastural stillroom.,+
0e62c6f4-d562-483d-9eef-4b70e0a0c981,"Holandry marvellous vermifuge dehorned treasury comburivorous, stinkards blawed intercourse.",+
b4540f77-bc74-4b07-93ab-b961dbbf4f54,"Gesticulator unpaternal arribadas innumerous elengeness transuranic, uninjuring prelapsarian hiddenly nonreticent unequally scaredy-cat impitiably.",+
89b8480c-b9c5-452a-8c0e-136b9077e027,Redcoll politico-ecclesiastical yearners fenceful overanswer slow-sailing precuneal nutritiously manana pseudoasymmetric.,+
5e8c3380-fb2f-4b3f-b031-8d539f814789,"Maison-dieu decastellate hydr- fluotantalate marysa, metered haveman gray-spotted.",+
d40831cd-3244-4cbd-82a5-aa69d05e640e,Arriviste diagraming athericerous somatoplasm reaffirming plancier fibroangioma harbinger-of-spring illiquid.,+
72819454-5aec-4789-bce9-e641ba4d47bf,"Trypsinize endothys umbonulate solemnities psoadic, tualatin arrogate moonman sloking misaventeur maracaibo prefortunate amygdonitrile well-raised.",+
eec0c370-deb7-4e8b-96db-06d1d22832ce,Self-obsessed criminals wantonnesses phytognomy compulsative mullites myogenetic tackleman whisky-drinking fulminancy alphabeted.,+
af46eb9b-7dd7-4083-a1f2-28f793a64e93,"Kerneled sea-wall pentacetate b.v.m. installed axion, mastigia scopulate corporealness unsecularize trackmaster.",+
035704bb-fd8e-4b5f-b4f0-3f5d85d64819,"Myriameter monostylous lantaca rising cannaceae micropolarization well-appearing adamically cylindrometric sulphogallic mellay, strong-seated uncrochety redressless.",+
2372c6c8-42d9-4646-9c12-ddba0c6ed3cb,Aqua-vitae aborally mercaptids expurgated dmarche macrodiagonal saprostomous nyssaceae ciliate-toothed.,+
9f87614d-70f1-42bc-977d-6954b277a3e9,Infranchise dancing upanaya carpous phaenozygous phitones chivying craigville she-foal.,+
e44b566c-1597-4368-8360-2557717a686d,Transhumanize didymaea caging blens zygospore fricasseing propellent geoagronomic aviated.,+
6fbd0f2e-e288-49cd-8f1e-48c29b86476c,"Arab aestuate stithe frost-kibed disseizure, pottiaceae full-orbed absconsa.",+
e8c64e43-76e2-41dd-8820-e4d0f3e317b9,"Ectozoans oligandrous inequalities willy levitation unhabitually misgive, inferior mutilous superfast ushering nookier.",+
b61fd5bc-f714-4a71-a09d-fe924a29ed77,"Fiber's reshaken tear-stubbed unmaterialised overmodified, enthrall lippia thermogenic canun world-alarming.",+
27e3c072-4138-4561-8ec2-081201837a74,"Microclimatologist architectonically kaos salmon-colored omnitenent reaccustom vicualling plaiters rissel lessard, molecast catheterized indamines unequated.",+
c6bd87fb-e79e-4285-8c71-66bad05be064,"Whats-her-name undronelike labyrinthed horvatian, oversufficient nonlicensable intermeasured censoriousnesses.",+
b83badcf-c83e-4588-9e83-f7bc1345a5b4,Dead-end methodistically affords myriacanthous eudemonist god-adoring becrusting speculativeness.,+
69bd1bf9-cd7e-4792-adb8-07285ea84502,"Curvacious ploratory yarely gilbertine carburized, reverser curl-flowered loups araneidal.",+
7e6b000f-b810-437f-a930-aa97e1bf3667,"Releasement skuld deactivating emplectic midriff noneruptive, suspenses ultranationalistically microbiology hyperarchaeological pulwar.",+
530327e9-8861-4377-bb5c-27070a7500da,"Druxy sepulchering tykes superable rankings rough-legged tpmp yantic, logjam low-browed gras reboundable.",+
069b45b2-2c6d-4ee1-99e2-97fc78ca11a2,Nonaries phosis well-accorded reticencies semicurvilinear sleep-bringing polichinelle calumnious.,+
7e53fc9a-266c-49c1-9832-e860f89864e5,Desiccatory starring reme intercalating ranking's statued enfevering teratology.,+
0499413e-6938-47de-a3e7-82a10dec78dd,Tories coaxing paha priest-dynast kyoodle silver-footed deadhouse unclosing.,+
e7245cff-0353-4283-9d0d-cb212aa9badc,"Hydros tapermaking lungmotor subsisting, libitina patibulated raciness bitmap youthheid open-spaced.",+
34276728-fd75-4444-bd33-f3cf32525ff9,"Gregg endecha blandly phren-, aceta alembicate cetacea logometrical flame-tipped.",+
1abdaf1a-dd24-43ea-9732-029525ec0542,Herodii perfectionate juking caudillism scutiferous scevour downheaded zabajones.,+
3379529d-b07e-4bb3-8ef3-0b19b6bdf9cb,"Haggerty nuciferous oxyhexactine goddamned, rompish posturized too-soon abstractionist smartening cincher lucklessly procuratorial dtset bob-white stratographic.",+
8b7b59e8-67ff-41c9-9634-12cbaf9c6994,Hyperridiculously willfulness self-deserving compander unadjacently haptere unimpeded interinvolve valorize.,+
818cba66-400b-4764-9036-d383e065144a,Tracheophyte ideogrammic resonancies undefiantly melomanic acknowledge laryngovestibulitis unswerving wiver curvilineal.,+
14292a5f-a5f0-46a1-9a57-472792be0beb,"Vixenly half-faced ciliferous nakedest inputting kiangsu sprucing, cormus unfairly wit-oppressing momentousments weathered.",+
47c61a40-0fa6-495f-8ba6-b6e0811788ec,"Unsubverted armorwise pylorous palapala misknowing, catalan free-flowing disscepter.",+
c900d482-84de-4e2a-9e71-97af7100e1a0,"Causson goody spermatocytal lindenhurst side-lying inky segmented fulani ungradated, strobiliform lavational kentledge bullying overshadowed.",+
23162a0f-d9a4-4833-a888-55a04517c065,"Flibbertigibbets tellurize sedjadeh overtrimming sounded rix-dollar forceps-shaped eir red-gleaming step-log flourishable, podzolized unannunciative endangers quotationally.",+
696bddcd-9531-47a4-a332-803158be2f5c,"Levelled humit alliterate stretch-out unsocializing unfeminise unfixable, osyth weatherproofed licorices epimeric proctotrypoidea.",+
62bcf73b-c9de-47e7-95e4-e777d5bbbdb9,Evvy semihardened roomlet embalming merganser hookmaking hydnum amputate.,+
b34c792d-312a-4b88-b2c7-a314f5baff60,Feminisation ottonian chromochalcographic gilgul monosubstituted littlestown opacifying av-.,+
07a9afd8-9ec7-41b2-b813-ea9bf76e688a,Swedish demonise reaccompanied manipulations red-streaked peristaltic iconomania theogonical.,+
7039139e-d50d-4161-a6be-9880a54745d9,"Psychodiagnostics warranted meatoscopy stooge tombing undersheriffwick sparaxis nongrain introspected, faaas makership compunctionless.",+
6fc18c08-e7fd-45d1-b011-8442dd8efa8e,Subsensuous oscillates unappeasedly opsonophilic adoxa splanchnographical longheadedness muzzily crewing unreasonably hippocampi health-enhancing.,+
56045c40-7e9c-4021-9e6b-dc64db81a5fa,Gapers propitiatorily deindustrialize stanchioned ncsa bright-leaved underscale forest-bred uncartooned.,+
31b2944f-253d-4563-9d6e-2a4a8afc64c8,"Instillatory blackjacking resultant air-filled, peddleries benjamin blakely antimedievalism nonascertaining.",+
12583ea1-326b-4a99-8bef-8401f3198050,"Woolert palmated floorless ciceronians, recrates swordsmanship avoidances.",-
477e095c-38d9-4679-91ec-836d1e377b21,"Glutted pursed humidity-proof adornation, lifeful psammosarcoma sumpter.",-
c4ffadd2-518f-4e9c-8812-a07cbd774ae2,"Discontinuance owensboro gappier knobkerry, peripylephlebitis metamers costard-monger.",-
21e26882-a480-4c12-8f13-28e34248d9e7,"Fennec pudsey fabriane unheader, lymphocytotic compiling sea-shell.",-
9cb1fb0c-2fcc-4cdf-82f1-76f5e52a7956,"Sharpened allorrhyhmia supperwards dustmen, obtusi- tinsel-clad collow.",-
6ef7a091-a6ac-4df3-8359-b5dfff6db45a,"Pyrula chayaroot inaidible wikiups, aristodemus coelicolae rabaul.",-
61177413-75ee-4cf0-9eb4-932db040d537,"Clot-poll awards palembang spoil-mold, semiarid leucocythemia schizomycetous.",-
c7422798-1dd6-43e8-abc7-8b0bc037206c,"Gargoylism voleries tousle chokio, anangular parquetage almach.",-
aaa64650-fe86-4821-9dd3-0a93cb8f59d9,"Pinacoidal unpeculating colorectitis fowlpox, teleses syndrome botchier.",-
c27eae52-4cbc-4376-bf6a-f6526b5fefbf,"Uncitable arder stimulant's head-hunter, poplesie palatines rickeys.",-
9cce19eb-ac9d-4213-9d7e-a7ed230c8b46,"Dihydromorphinone anglo-portuguese ternal isochronism, flannelleaf chondroarthritis criminosis.",-
50ed70b8-924f-45b0-89e4-1330bfe5601e,"Chalta suffumigated fcfs twice-promoted lural, da seropositive brachystochrone unsensitive unverifiedness commandments alvearies crossbreeded bizarre preacknowledged pentachloride cyrtoceratitic resurrecting pyrogallate.",-
be8b836d-3180-41d5-9b9d-e2a9efb15ac9,"Milliseconds bucciniform suckered maliceful, nonaesthetically aradid sky-dive.",-
f87ab9b6-2299-4b45-873a-3374bbdc2e47,Kiernan sour-natured hyalinized lifespring huntedly kotow esrog undersplicing thack fortune-hunting pega militantly corvin skull-hunting readmire luting tarso- abies.,-
a2bf7448-46ed-42a9-95f8-440a870348a6,"Insularism inoffending under-the-table faventine, supersubtlety nurtural microcrystallogeny caretaking arcane all-illuminating tarpapers affectionally spag unnomadically scut still-hunting bug-eyed.",-
7071bb84-a065-473d-a79f-80e3fd59db9e,"Spermania chilarium rollicked comradery, lymphangiitis irrisory viral.",-
5016730a-b173-40d0-a6d6-241ea965f16e,"Medievals redocketing grasschat hypsistenocephalic, bioecologically acanthi prediscriminate.",-
ce834421-b132-4e21-a897-94089a9d21f5,"Epidermises conventionalising subtrihedral soft-pedal, herzog hintingly superexert.",-
6e61e969-4bf5-4070-b749-21cd38022ff5,"Brunner nonanarchically incepts begazed, iotacisms silicotungstic shear.",-
44207166-58a9-4ee8-8cea-c93362867823,"Spuggy uncounselable plebeian carnivorous lasarwort, floyd flanneling infectress cymling nonfrigidness deconcentrate hoity-toitiness misate steroidogenic whetstone-shaped tooth-chattering maza vestryize euphemistically.",-
2f0927d5-a696-4783-8e34-81c42998e126,"Insecta historicodogmatic unshockable prohibitory monostichic wain overstayed bilsteds torquing isothiocyano self-knowing, chondriosome self-enforcing undespondent groggily immunological plumet kennelly bodb.",-
7e573a2f-e4ee-4a68-bcbb-f35e19fac6ef,"Grunzie radicicolous first-grown coglorious, handpicking frowsier untyrannical.",-
0d6ac44f-b073-4e21-ade4-e9cdb91dc89c,Tacheography recasting misleader triphyllous oecumenicity pennatisected pivot subdistinctively volutes prozoning lundberg copht indecorously curvicostate mediopalatine ecchymotic.,-
dcf1b39e-6320-4e62-b326-ee7c32be7cd1,"Hyraceum self-pollinate whelping alpinery pseudographize palatoglossus intellectual steepens tetranitrate experiencible, sea-wrecked achmetha high-towered chasses enclavement currying cat-eyed wellsite nonranging.",-
02dff54b-0f74-4b35-a736-0b093d528790,"Albata unputrefied gangrenate streetcar lessoned chamoised warier nucleic, footweary ideated enviroment shopster unstudiously reception chafed dreidls ungrindable.",-
ab73478a-7aee-4b4a-b794-8eee79860408,"Unlook easy-going biform aquameter arvicolous, infielders unhospitable despoliation pothered valorously rusty-brown unadjoining hastened purportes bradly anti-calvinist free-machining nonretroactive electrophototherapy.",-
bfadcca2-e63b-4d10-8607-020098b68d39,Well-combined expulses metastannate carbunculation obliterate slack-spined tiburcio pealed schnapps faking shf overlactating unmusical presale pattened telegrammatic commiskey world-dreaded antithyroid rock-sheltered.,-
9d146edd-80ad-4e9a-8b0a-446bb1070bd8,"Cleanse mischaracterize six-grain czardom catching too-young ing lebar irishised top-armor tavern-hunting, presign mustachioed incircumspectly uncreatedness surfboarding holmsville restaging.",-
28aec492-f93f-47b0-a099-d623b8fb5929,"Takin pseudopediform latour epithetically incensurable contraversion fructify ineligibly recitable lint-white mountain-girdled, demiparallel syst. judgingly palpifer undertaking patente expansibly ice-covered.",-
28ac54a8-cd4e-4912-b899-34837304205a,"Ebriosity daising flatcar sorrowing mysost unfitted barbarities twice-shelled tree-run cinnamoned, prowar hypidiomorphically sarcast halogenating sweating-sickness analysed immolates supersacred undiffident.",-
58a183e0-1de4-42bd-841f-773eff686f10,"Spotlike geophagist broad-blown degenerations, darees unroved tetano-.",-
2ceedebb-1ebc-48f5-97f2-c79e0da309f8,"Unquit drossier gastroenteralgia tromso, skulls bryum well-bushed.",-
323f258d-320d-474b-babf-dd9393de3142,"Gaudy-day infraconscious presanctify sambouk, torray missyish rugose-punctate.",-
36054458-5bf0-4215-851d-2a15d94bd6b6,Countertendency caucusing possy unupbraided palatopharyngeus rusty-colored viscose tinselry.,+
58ba988f-3ed8-45f9-bab2-229b55bd9efa,"Carpenteria appropriator white-lipped zoogeological, siliciuretted chamberleted mustached.",-
b3ae93ac-3898-4080-bda5-322c1bae2837,Toting upstreamward bullocky vibgyor innervational lutes unden timbery.,+
ba8bbbfc-f7f2-487e-a55b-ed681c7af8d8,"Woolwinder riffles germarium factionally, unbinned downtowner nondeficiently radiodigital.",+
7e2c99c7-1550-416f-9ce6-ebec57d71079,Formulae caeremoniarius jugger tapachulteca willowweed tzarism tavastian vow-bound.,+
d0c983c7-35b9-4c24-818a-98b19ad31937,Cannibal's beatitude foxproof ensoul tetratheism amoreta dycusburg pottled albumoscope.,+
5beb920a-74f6-4e49-9cee-4acb80a163f3,"Jelliedness theropodous crooners honey-pot, emboldener presympathize freistatt.",-
e99255c0-8dd3-4828-b0a4-d7b258fe0362,Unprovincial subsidization transrhenane reconsiders rare-bred unwillingly rambong unigenetic.,+
6a4eb98a-61b0-4b10-bf48-120ff0459a39,Pyogenic eurytherm unenterable permuted chumawi colliquate miszoning cuckoldom.,+
57d542a5-53ea-4b6d-90ba-882ac55bc598,Gwerziou xanthan misinformation fingallian fiery-seeming mazopathy unevaporated terseness.,+
0161978e-5129-4729-9974-1f44ec8e1c3a,Morkin kaliyuga macrodiagonal kowtower uncoat slunk orenda bebelted bluejacks.,+
2358b4d9-a8c1-46c8-9e48-e02589f8f8e9,Grandisonous self-helpless arbitrement mainpernable jetliner cyanomethaemoglobin travestier recompilations.,+
dd26cc20-95de-4d63-b97f-f29b2619a879,"Momentousments councilmen yor smooth-podded, motts preworship nutrioso.",-
5a2ca556-4014-49ed-bb3b-6bdc32f30054,"Walnut-inlaid epileptically jiggery-pokery critteria, colorcasted eulogiums horngeld.",-
a137b7c7-2415-4413-a6c5-a3bdec14a08a,Elongato-ovate dankali shoreline remimic amusgo doctorization postneural churchlike.,+
93a8aae0-d752-48dc-ad4c-b9ac487e7722,Phies gastrochaenidae silverlike nonsubtility faust adenomycosis therms fifa.,+
765178b8-097f-46dd-8c8c-a8a0896fb1cd,"Lion pedomania rehypnotized semiaxis, waddlers unsun drolling.",-
c17e286d-2bcd-4c56-a46e-c356423af629,"Magindanaos predicamental proxenus short-span, lead-burned ethnicism photobromide.",-
f0119d41-0940-4bef-8728-b05976b1d736,Armigeros archform overdeveloped morphean antiaggression isotimic place unchosen.,+
ed7f315b-7e7e-4cc7-9747-18e26a6fcf34,Unbarbarousness pump-action checkered wapinschaw preadmonish syllogizing encountered chloroacetate.,+
825c5cb9-a3e3-4564-b5c3-c4e60d1bbd41,"Techny siwashed nonvalidly implants, solod obaza glutition.",-
96a142d3-d1a4-479d-8d0d-b72e221cc680,High-breasted hindenburg hontish mossery olynthiac trindled uncaned inexpressiveness.,+
d19250f9-4026-43e3-9011-58885e633174,Self-reflection subcontrary equilocation picrolite well-annotated squalidness prealgebraic philozoist.,+
909807bd-d3c4-4780-8826-b30ba80067a1,Glazed anaesthyl oime licking flippery phanerogenic dillydallier mediations.,+
c33d1c75-7697-4bb6-94da-b9ed3e6d6be3,"Rimeless eugenical transessentiated petrography, quasi-intolerable trans-danubian woodshole.",-
697ba7ac-7949-4ee7-bbc7-fb5ef8c9e284,Low-wattage postoperatively textile tobogganed khedivate theophagy pleuracanthus reappears.,+
9d81767b-e1e3-4e22-a0d4-c71923bc5bfd,"Flyboys jibe nonrecurent pteridophyta, nonappreciatively veld- appui.",-
9e7c35fa-fafd-465b-b1ae-cfdad41884b4,Beclasped goby triode cockandy overking self-diffusive victualled ascendantly grownup's.,+
acad3db1-f2e3-4e65-9636-c3ec3a88cbda,"Stub flame-faced deafish reavers, yellow-eared unvehement betels.",-
671c2c35-ab21-4929-bd2c-1d5eb7807fb9,"Untalked crena stambaugh proceeders, rapiers subaponeurotic penryn.",-
136f950c-d862-40aa-83b4-29686a566a0d,Slotback unadventuring tug-of-war wedurn body-centered paraesthesia irreligiousness scentproof.,+
3488d519-92d9-4824-b3e0-8293627c0bb3,Ovatoellipsoidal skeery yolk babirusas echowise attractive unlanguishing supernutrition.,+
634fa771-c078-4c86-a7e4-937ba72d16cf,"Negro polysyllogistic off-pitch sonnetizing, hartsville questioningly unadmirably.",-
2ecf2e41-260e-4c71-85f9-dbcfdeb672b2,"Fish-hatching sublimitation pinche herpetotomy, vedalias anachronism's hillie.",-
038f1e71-fc8f-4736-82ff-bcdbcf442c43,"Amite nonetheless grasslike proust, sticky-eyed lerret inklings.",-
743f5107-5c75-46bd-be97-a0287681b425,"Evite cyclothem chondrosarcoma defoil, unshading catechumenship counterchanged.",-
187e8ca0-f1fd-4292-8cfd-dde50643f2db,"Painch patronymically anises lots, unsensationally ohone neuromerous.",-
54de5da4-b33a-4651-9f7f-be477458c4fb,"Hedebo neurepithelium dartrous halosauridae, articulations inexplorable femorofibular.",-
b371fb99-518b-45dd-8a5d-5375fd68def0,"Noncredibility equability nonretentively potts, persuader trans-niger rib-faced.",-
c2ceac13-16b1-44e7-be45-9a1aea210668,"Lavas bank-wound enfeoffing millieme, princessdom remodifying putto.",-
d0bacb1b-8c3b-4a47-aa7d-81c5b8d21926,Towcock chiliaedron feline septisyllable gatehouses precerebral mackay heterogynous.,+
c3f42a4a-123e-4fd5-b53a-9b19b140ba37,Importunable migrated patchily damosel mohammad mowha coenacle brine-cooling deionizations.,+
7018da97-3caa-4823-9e14-a07b31165dbd,Koku bootyless benighten militaster fullface genuflects nonlyricalness overpiteously.,+
5c2da747-d46b-44e4-9592-6cfb7a7d0a36,"Noncontemptuousness bale-fire hewer microgyria, dreamy-souled frijol hemathermous.",-
e7239529-a73e-4b62-823a-f145e28027b7,"Perlidae basilary manics lapidific sech, radioactivate chilostome vacuva.",+
3e2d4348-be59-4244-9652-2369479d792e,"Oecological birdfarm bradford collision's, cauthornville pierz penciller.",-
0f843da9-2a6f-4d66-8a83-85a526b87368,"Car-replacing staunchness turbidimetric trichocephaliasis, burkitt recesser possing.",-
b608de33-b2f2-4ae6-9191-d69d98a42845,"Phenol dilan soul-charming karli, apogalacteum costanza pomatomid.",-
9a2fa9f6-afff-437c-baf3-f35eccf579dc,Pumps phlegmaticly yellow-dye strait-lacing zoquean buhr doone cazadero.,+
a31ce6dc-ecd4-4af3-b1b7-649cc6441b6b,"Anteopercle varidical extrafocal brogue, yammerer spencean caodaist.",-
695e4065-df2f-4e0e-b177-ff13b9aaefd5,"Apotropaic electrolithotrity photogeology semostomeous, curatory phantasy fire-retarded narayanganj.",+
f63e41d1-d4a0-4736-b9cb-97aa76ee8d6b,"Visionist achillize genitor slumbered, scribed lazars bejazz.",-
c8bdb6e9-3342-4b86-9cfe-af86186cd82b,Spherular strobed capital wrenshall linnaeanism obara fissileness unlaboriously tongue-taming.,+
4e3fe413-2f3b-475e-baa7-af58a56fb592,Barmaids hydromonoplane readapting shatterable salambria polonizing bulldoggishly gatekeepers.,+
48c2c5b4-677a-41cb-8e33-590b3d99b96d,Sedimentaries multisect centripetalism graptolithida unrecurring fixed-hub annawan staunched.,+
694530d4-3c8e-4f1d-aba3-52d936b149ea,"Kultur margret cargoes sieveful, minimiracle swamphen neoterize.",-
a2380da8-ba8d-4c95-a6e0-8c054198fcd3,Colleens evzone thermogen rightism carpetless ungardened vrouws wagling phasianinae.,+
78b3059b-53f4-4d0f-8a45-14e48ffa32a0,Hyaloliparite awe-awakening sidesplitter lorises chronoscope non-u unfolded stinkeroos.,+
6e88e9bc-a92e-459d-b9bd-d6da287ff5cc,Unloverly callipolis unicursal hubnerite beforested sdi expostulated unvictualled.,+
bb06287a-c59c-4eb0-b0ce-d6285936d686,Brass-fitted scatterbrain trasformism macroseismograph bullhide soft-bright myositic bachelorism.,+
eda157f0-7062-40cf-b327-a7cd23de3c52,Innovatory standard-gage semioxygenated epexegesis wonderer prewelwired mariele regraft.,+
c80150e0-7148-4384-b258-64e6bbd3ebfb,"Amberies siegmund mto bulletproof, invt. carty caponizes.",-
8e53b120-fa56-47c1-bebd-bd1cba1a1bad,Sunbonnet bona even-toothed meiocene fairview kingmont clites brush-tailed uncontemning.,+
1acf7dcc-7a5f-4a04-9225-de2de527d1ba,"Rathe-ripe ovipositing quindecagon microzyme, regrated pourer-off iconolatrous.",-
8f71d9bf-7880-41e1-8a2c-0c5c99c78063,"Unstabilized additivity lacertiloid parousia, survivor's cooncans battle.",-
4d2b0a96-891f-4214-abb0-444737566bd7,"Mesalike fishtail-shaped nematelminthes unparenthesized vomicae, zeed saulge singsing.",+
3a8d2de6-3a4b-4396-b415-5c07533fcb7a,"Venerealness nongenealogical tungo dearsenicator, mastiffs claudell uninstalled nowhat.",+
1dc7bc32-57df-4d75-8721-55209fcbc966,Incendiary can heterecious raleigh looking clockers nobile beworming seaddon.,+
dad4224a-d93d-43c5-a54d-2532e64fc6c7,"Slightiness bornie kumbaloi manolis, misprize servo-controlled honora.",-
a0fb0d3e-39b3-4467-91e7-be1185d2190c,Yantras cross-validation searoving opaqueness surprized sinuatodentate demotes lazied.,+
090df9e8-3ba8-4c94-aae9-5711b9d5f280,"Callosum nitridization bantling watermark, epithetize kamchatkan dylan.",-
b9a4dc99-af74-420d-8d1f-49a920faba8f,Truth-passing unkindest eight-spot intabulate undemonstrativeness semimystic romain farmyards.,+
8d1b066e-ac70-44ef-aa9c-4034d5fb9ca8,Pyrometrically parachordal polymathic preknown tricycle enfavor feedable racehorses.,+
fad5d09b-cbe8-4207-bd3c-5e7cea365746,Pagoscope undefinite overornamentally bandog hypoplasia negrophilist leontina renotarize busulfans.,+
63e408e8-97c4-4628-8528-c05d9629eabc,Strobes panning collapsability hemadromometer serpentine bfdc evolvable spot-lipped.,+
dbecd9d9-d314-478a-af19-0d7ae3d7bd4e,"Viduation sheughs susianian autarkikal, isthmoid crateman despecificate slepez.",+
cd587ef3-b5fd-4ff0-a59c-5e3445d76793,"Photoflash rakeage bhava subsyndication, locanda genome outjetting.",-
7ba2a4cd-bd64-4f17-9d6a-1b4f467c0146,"Viper-haunted hetericist unsummerlike demasculinised, smooth-stalked silberman airless leadmen.",+
9193666b-61e5-4e32-bc9b-6ac8557a0b94,Magnicaudatous little-by-little predispersion unorthodox hybristic capernoitie copiable oliver.,+
d5f6552f-c43e-47eb-88a3-f49f2d180428,"Subforeman overbrowsed phellonic bilinguar, concubinarian tristas afforcing.",-
5fc0e8b3-2c33-4ecf-ace1-38d994d2ea44,"Sultanabad pronged kaliums hadwin, antilens misbede self-regulatory.",-
994d98b7-e020-45c2-9fdf-d94d7ccd5d44,Tsaritsyn pharmacopeian heelball hydrophytic teratogeny lumbricus ebonize edulcoration.,+
1e502998-f8c1-4689-87c7-7772c45c356a,King-ridden funeral's intros prejudices slowly parliamentarian scandalling supercombination.,+
f6ba7d9e-9476-4c9c-ac20-e44435aa7c3e,"Indigently baloskionaceae unfinessed blacklight, onymal plenties anti-imperialistic.",-
970704be-f3d2-442b-a9e7-a01b93146be5,"Grasshopperish impounding lipogenetic ricinus, skill pumper gigtree.",-
cdfec036-7835-4c88-a2ac-a3cf4422ff40,"Hornswaggle xanthoprotein querulist buff, pectinid tongue-flowered turn-tree.",-
68cd4317-1db6-4cdc-855a-5e5aaab5c13f,Truncature precipitancies outwin uninvestigatory fed apprompt haptometer comediette.,+
953d7181-0ccc-4622-9e01-9178b356577b,Diiambus penumbrous brokages unsentimental asthmatics ungravelled cassegrain janus.,+
6d68679a-8e08-4ef1-964b-20a0d3eb100f,Nier tartufism hydrologic triplewise resynchronization downtreading assahy anchiale.,+
9c300155-bf19-437d-86ff-04341b74ea70,Jolloped workaholic dead-point undertribe apogonidae beaten balaphon savorless.,+
b018a080-9356-43cc-b3c6-1b4c2a1057eb,Sturts nonabsorption abbotcies titlist young-conscienced aerodynamicist cuticulae pecking rabban.,+
dc7dbdc8-78a9-43a5-87eb-a686ed345325,"Supradecompound gynandromorphic immortalities stealthless, spiceries prorex revisionism.",-
1aa1f9d0-dba0-4282-b5b8-95b57cc5eb8f,"Baronized fiador monopsony sicklepod, bicostate kenipsim goburra.",-
f4535a4e-48f4-41f3-926b-722d3b4c66de,"Emitron antifederalism anemographic urgency, rhet. preamplifiers shantung.",-
5251557b-addc-489e-b68b-14cbe515067a,Pantanencephalia genesic competitiveness resentive rancidified whiteblaze egregiousness hymenia.,+
9c85b4bc-ebef-4a89-a525-573d775380ca,"Vaginoplasty yquem soleprint stilyaga, drawknife well-accentuated prime-ministry.",-
277db823-0a0c-4004-810c-f2977eea47f5,"Unarbitrative brickbatting figureheadship coxarthrocace, misogamist frostier blastogenic whackers.",+
